names,genders
aaliyah,female
acy,male
abdul,male
abby,female
abe,male
adams,male
aditya,male
ab,male
adell,female
adelaide,female
abram,male
adaline,female
adria,female
adilene,female
abigale,female
adan,male
adella,female
abb,male
abigayle,female
achsah,female
adina,female
aarav,male
abraham,male
adel,female
abdiel,male
addisyn,female
ace,male
abigail,female
adin,male
abie,male
abbott,male
adriana,female
adalynn,female
adam,male
adriel,male
abelardo,male
adriane,female
adison,female
aaron,male
adalyn,female
adolph,male
afton,female
adolfo,male
ahmad,male
acie,male
abbigail,female
addison,male
adrienne,female
adelyn,female
agatha,female
abel,male
aaden,male
adonis,male
adlai,male
adolf,male
affie,female
abril,female
abdullah,male
abagail,female
acey,male
aggie,female
abbey,female
adrain,male
adeline,female
adamaris,female
adelia,female
adah,female
abner,male
adrianna,female
adelle,female
adelbert,male
add,male
adelard,male
abbie,male
adrien,male
agusta,female
adline,female
agnes,male
aida,female
ada,male
agness,female
adelina,female
ahmed,male
adrian,male
addyson,female
adrianne,female
addie,male
adron,male
adda,female
adolphus,male
adele,female
admiral,male
adriene,female
adyson,female
agustus,male
adela,female
agustin,male
adalberto,male
ah,male
aedan,male
beadie,female
belle,female
bertha,male
baxter,male
beatrix,female
bee,male
barry,male
bell,male
babymale,male
berkley,male
bertina,female
basil,male
baker,male
barnie,male
barrett,male
banks,male
barnard,male
bartholomew,male
barbara,male
beckham,male
barbie,female
barb,female
baby,male
benjamen,male
bella,female
barnett,male
berry,male
bernadine,female
barrie,male
beaulah,female
benny,male
beatriz,female
bascom,male
bennett,male
belen,female
bambi,female
belia,female
bart,male
benito,male
benjman,male
babe,male
bayard,male
berdie,female
bennie,male
benson,male
beatrice,male
bailey,male
beckett,male
bailee,female
beda,female
belva,female
bertie,male
benton,male
bama,female
bea,female
benard,male
baron,male
benjamine,male
berta,female
belton,male
benedict,male
beecher,male
barbra,female
barney,male
becky,female
baylee,female
benji,male
babette,female
berlin,male
bartley,male
bernice,male
belinda,female
bebe,female
baldwin,male
bedford,male
ben,male
bernetta,female
bernita,female
bert,male
bena,female
berniece,female
bernardo,male
beau,male
bernie,male
baylie,female
bernhard,male
beckie,female
ballard,male
bernadette,female
bernardine,female
berneice,female
berenice,female
benjamin,male
benjiman,male
barton,male
benjaman,male
barron,male
benita,female
bentley,male
bernard,male
cap,male
caldonia,female
camilla,female
cali,female
carma,female
candice,female
calvin,male
cael,male
cari,female
cadence,female
carlisle,male
carie,female
camille,male
caleigh,female
carolynn,female
caddie,female
caleb,male
carla,female
cammie,female
carlos,male
carlo,male
caesar,male
caitlynn,female
candi,female
caitlyn,female
candy,female
campbell,male
carleigh,female
calla,female
carolee,female
captain,male
canyon,male
callie,male
carisa,female
caiden,male
camila,female
carey,male
carmel,male
carin,female
calista,female
cale,male
carol,male
candis,female
carleton,male
carlie,male
candida,female
camryn,male
cade,male
carmelita,female
carmine,male
camisha,female
carissa,female
cailyn,female
caroline,male
capitola,female
carole,female
candace,female
cannon,male
cappie,female
callum,male
carlee,female
caitlin,female
cami,female
caro,female
carley,female
carolann,female
carmela,female
carl,male
cain,male
candido,male
carleen,female
cam,male
camden,male
cal,male
carnell,male
caden,male
caprice,female
candyce,female
carly,female
carmella,female
carlyle,male
carlene,female
cara,female
carmelo,male
camron,male
cameron,male
calhoun,male
carli,female
carlton,male
carlyn,female
caron,female
carina,female
carlotta,female
carolina,female
cannie,female
carlota,female
carmen,male
caren,female
carolyn,male
carolyne,female
daisha,female
daisye,female
daneen,female
daniela,female
dalvin,male
dana,male
daijah,female
daniella,female
dakotah,male
dalia,female
damon,male
damian,male
daniele,female
darrin,male
daija,female
darci,female
dallas,male
daja,female
dameon,male
dan,male
danae,female
dale,male
darrell,male
dalton,male
dania,female
dangelo,male
dakota,male
dagny,female
danna,female
dani,female
damari,male
dandre,male
dakoda,male
darian,male
dannielle,female
dafne,female
danial,male
damion,male
daisey,female
damien,male
daisie,female
danelle,female
danyelle,female
danny,male
danielle,male
danica,female
dagmar,female
darron,male
daria,female
danika,female
danita,female
darcie,female
damarcus,male
darleen,female
daisy,male
darien,male
danyel,female
dann,male
darla,female
darin,male
danyell,female
danniel,male
darrian,male
dario,male
daphne,female
darion,male
darrius,male
dane,male
damarion,male
damond,male
damaris,female
darryle,male
darrick,male
darryl,male
darcy,male
daniel,male
dabney,male
dannie,male
darl,male
dahlia,female
dallin,male
dara,female
darlyne,female
darrel,male
darell,male
danette,female
daron,male
daquan,male
dante,male
darrien,male
darnell,male
daren,male
darlene,female
dariana,female
darius,male
darline,female
darry,male
darrion,male
darold,male
darby,male
eben,male
earley,male
earlean,female
edra,female
easton,male
edmon,male
edw,male
ed,male
edmund,male
edward,male
earnest,male
edwin,male
early,male
eldred,male
efrain,male
eber,male
eileen,female
elana,female
effie,male
ebba,female
ebbie,male
edmond,male
eboni,female
earle,male
edwardo,male
eda,female
earlie,male
ednah,female
earnestine,female
edsel,male
edison,male
eden,male
elaina,female
earline,female
earlene,female
efren,male
ela,female
eartha,female
elgie,male
eduardo,male
edyth,female
eddie,male
elden,male
eathel,female
ebenezer,male
ebb,male
edson,male
echo,female
edith,male
easter,female
edla,female
eldridge,male
efrem,male
eleanore,female
edris,female
elby,male
edythe,female
elda,female
effa,female
eleni,female
elba,female
edwina,female
edd,male
ean,male
edie,male
edrie,female
earl,male
edgardo,male
einar,male
eino,male
ebony,female
ebert,male
eithel,female
eleanora,female
edna,male
elfreda,female
elbridge,male
eddy,male
elberta,female
elfrieda,female
elayne,female
edgar,male
egbert,male
elaine,female
eleonora,female
elbert,male
eleanor,male
edmonia,female
eldora,female
elenora,female
electa,female
elex,male
elder,male
elenore,female
eldon,male
elease,female
elenor,female
eleonore,female
elam,male
elena,female
felicia,female
fenton,male
fairy,female
faith,female
fayette,male
ferne,female
felix,male
ferrell,male
felicitas,female
ferris,male
fae,female
farrah,female
federico,male
felipa,female
finis,male
faron,male
fed,male
fabiola,female
fleeta,female
franc,female
finley,male
fate,male
fawn,female
fallon,female
festus,male
fern,male
flem,male
flora,male
florida,female
felicie,female
felicity,female
flo,female
ford,male
fannye,female
felecia,female
fielding,male
flavia,female
ferman,male
fatima,female
firman,male
fay,male
fabian,male
farah,female
flor,female
fernando,male
fleda,female
fidelia,female
felipe,male
florene,female
fernand,male
forrest,male
florie,female
faye,female
fleet,male
farrell,male
ferd,male
fanny,female
ferdinand,male
finnegan,male
faustino,male
felisha,female
fidel,male
fitzgerald,male
falon,female
filomena,female
florencio,male
flint,male
fonda,female
frances,male
floretta,female
forest,male
fiona,female
farris,male
felice,female
fitzhugh,male
floy,male
fisher,male
florrie,female
foch,male
florence,male
florian,male
francesca,female
fernanda,female
foster,male
fletcher,male
fidencio,male
fount,male
florentino,male
francesco,male
fleta,female
fannie,male
felton,male
fleming,male
finn,male
fran,female
foy,male
florine,female
flonnie,female
flossie,female
florance,female
gabriella,female
gasper,male
gabe,male
gauge,male
genie,male
gearld,male
gerhardt,male
gena,female
garner,male
gennie,female
gaither,male
gavyn,male
garold,male
gabriela,female
genevieve,female
garvin,male
garland,male
gail,male
geoff,male
gardner,male
gaetano,male
gabrielle,female
garey,male
genevra,female
gee,male
garnett,male
garnet,male
garfield,male
gaylen,male
george,male
gary,male
genesis,female
gaylon,male
gael,male
gerry,male
georganna,female
georgie,male
gayla,female
gaylene,female
georgiana,female
general,male
garrick,male
garry,male
garrison,male
geneva,female
gage,male
gaston,male
gaven,male
georgianna,female
gay,male
garth,male
geraldo,male
geralyn,female
georgene,female
georgeann,female
gerhard,male
gerri,female
garett,male
galilea,female
gannon,male
gale,male
georgetta,female
georgia,male
genaro,male
geno,male
gavin,male
gaye,female
gerard,male
genoveva,female
georgine,female
gerald,male
gaines,male
gaylord,male
gaige,male
garrett,male
geary,male
garret,male
geovanni,male
galen,male
georgeanna,female
gemma,female
gearldine,female
georgina,female
gabriel,male
geraldine,female
gayle,male
gerrit,male
georgette,female
gerda,female
georgiann,female
gennaro,male
gerold,male
gaynell,female
gene,male
german,male
geoffrey,male
gerardo,male
geo,male
gertha,female
germaine,male
hamilton,male
halle,female
hali,female
haley,female
hakeem,male
halley,male
hailee,female
hannah,female
halie,female
haruko,female
hadassah,female
hailie,female
harrold,male
harlen,male
hansford,male
handy,male
hadley,male
halbert,male
harm,male
harriette,female
haiden,male
hale,male
hartwell,male
haylie,female
harmon,male
harvey,male
hailey,female
hal,male
hall,male
harvy,male
hans,male
hassie,female
hanson,male
haskell,male
hasan,male
halsey,male
harley,male
harlan,male
harding,male
harman,male
harlene,female
hector,male
harlow,male
ham,male
hanna,female
hampton,male
hakim,male
hardin,male
hansel,male
hamp,male
haleigh,female
hana,female
harve,male
harrison,male
harry,male
heath,male
hardie,male
hazel,male
heber,male
hart,male
haywood,male
harlon,male
hartley,male
hallie,male
hank,male
harmony,female
heather,male
harland,male
hayleigh,female
harriett,female
hayes,male
hamza,male
haden,male
harden,male
harl,male
harper,male
hasel,female
hays,male
haven,male
hazle,female
harrie,male
hassan,male
harrell,male
hardy,male
harold,male
heaven,female
harris,male
hazelle,female
harriet,female
hattie,male
hazen,male
harlie,male
hayden,male
hedy,female
hebert,male
hayward,male
haylee,female
hedwig,female
harvie,male
hayley,female
ilona,female
ian,male
idabelle,female
ingeborg,female
ica,female
ivan,male
iliana,female
ivah,female
ieshia,female
ira,male
iridian,female
irven,male
irl,male
ibrahim,male
inger,female
ines,female
idamae,female
irving,male
ilene,female
ione,female
iona,female
ireland,female
ida,male
idell,female
isa,female
idella,female
imanol,male
icy,female
iesha,female
irene,male
irwin,male
isabela,female
ilo,female
ike,male
illa,female
ina,female
isabel,female
isla,female
irine,female
immanuel,male
inell,female
ishaan,male
isam,male
ima,female
isidore,male
indiana,female
ishmael,male
isadora,female
isaac,male
illya,male
inga,female
imogene,female
icie,female
inez,female
ilma,female
icey,female
irena,female
imelda,female
isham,male
ingrid,female
itzel,female
isidro,male
isiah,male
isai,male
india,female
ismael,male
issac,male
isobel,female
ingram,male
imo,female
iva,male
imani,female
isamar,female
ilda,female
isabella,female
ilah,female
isaias,male
irva,female
iola,female
iris,female
ila,female
isabelle,female
isadore,male
irma,female
ignacio,male
irvin,male
ignatius,male
iverson,male
iver,male
ignatz,male
isaiah,male
infant,male
isom,male
ivana,female
isidor,male
irvine,male
israel,male
isabell,female
isaak,male
isis,female
jacquline,female
jackeline,female
jabbar,male
jabari,male
jaelynn,female
jack,male
jacki,female
jacklyn,female
jaiden,male
jackson,male
jaimie,male
jacquelyn,female
jadyn,male
jaeda,female
jailyn,female
jacquelynn,female
jaime,male
jake,male
jaden,male
jameson,male
jacques,male
jahiem,male
jada,female
jaimee,female
janessa,female
jame,male
jamari,male
jacque,female
jaclyn,female
jamarcus,male
jacquez,male
jailene,female
jalyn,female
jair,male
jacquelin,female
jaheim,male
jaeden,male
jakob,male
jagger,male
jaliyah,female
jamir,male
jabez,male
jamey,male
jammie,male
jamel,male
jacob,male
jahir,male
jaidyn,male
jaleesa,female
jacqulyn,female
jaida,female
jackie,male
jairo,male
jacqueline,female
jalisa,female
jaleel,male
jakobe,male
jami,female
jameel,male
jamil,male
james,male
jaelyn,female
jaheem,male
jalissa,female
janeen,female
jalynn,female
janell,female
jamiya,female
jamie,male
jamaal,male
jamila,female
janey,female
janelle,female
jamar,male
jade,male
jacoby,male
jace,male
jacey,female
jajuan,male
jakayla,female
jacky,male
jamya,female
jamal,male
jadiel,male
jacalyn,female
jamarion,male
jan,male
janet,male
jamison,male
jalon,male
jadon,male
jana,female
jane,female
janay,female
janette,female
janene,female
jamin,male
janiah,female
jalen,male
janel,female
kaeden,male
kaleena,female
kadeem,male
kade,male
kaelyn,female
kaaren,female
karol,female
kailyn,female
kaela,female
kari,female
kalie,female
kamari,male
kael,male
kandi,female
kaitlyn,female
kaitlynn,female
kandice,female
kanesha,female
kaia,female
kailee,female
kaci,female
kaitlin,female
kadijah,female
kaleb,male
kaiden,male
kameron,male
kareen,male
karan,female
kallie,female
kamron,male
kaley,female
karley,female
kareem,male
kalyn,female
kadence,female
kahlil,male
kacey,female
karson,male
kala,female
karyme,female
karen,male
karma,female
kandace,female
kailey,female
kadin,male
kalen,male
kaliyah,female
kamden,male
karlene,female
kandy,female
kanisha,female
kacie,female
karla,female
karina,female
kacy,female
kadyn,male
kamren,male
kaleigh,female
kaila,female
kalvin,male
kai,male
kamilah,female
karl,male
kamila,female
kaden,male
kaiya,female
karren,female
karli,female
kanye,male
karis,female
karolyn,female
karon,female
kale,male
kali,female
kara,female
karlie,female
karel,female
kalene,female
kami,female
kamryn,male
kamora,female
karly,female
karin,female
kasie,female
karissa,female
karim,male
karri,female
karyl,female
karlee,female
kason,male
kasey,male
karie,female
karyn,female
kane,male
kassandra,female
kasen,male
kash,male
karsyn,female
karrie,female
kasandra,female
lamar,male
lark,male
lance,male
lane,male
lakesha,female
lakeshia,female
lala,female
laci,female
lahoma,female
laila,female
lanie,female
lani,female
lainey,female
lakendra,female
ladarius,male
lafayette,male
lanita,female
lana,female
laisha,female
laron,male
latarsha,female
latanya,female
larry,male
laureen,female
latrice,female
latonia,female
laurance,male
laurence,male
lady,female
lafe,male
landen,male
lamonte,male
laddie,male
laquan,male
landan,male
lasonya,female
laney,female
landyn,male
larissa,female
lavern,male
latoria,female
lary,male
latonya,female
laura,male
latifah,female
lakisha,female
lakeisha,female
lacy,male
lacie,female
lamarcus,male
laquita,female
landin,male
larue,male
lars,male
latesha,female
lamont,male
lannie,male
latrina,female
laurel,male
lassie,female
latoya,female
laurine,female
latisha,female
laraine,female
larkin,male
lashawn,male
lauri,female
laverna,female
laurette,female
lavar,male
latoyia,female
latrell,male
laurene,female
lashunda,female
laverne,male
lavina,female
lauryn,female
lavera,female
lacey,male
laken,female
lailah,female
lalla,female
ladonna,female
larae,female
lanny,male
lanette,female
landon,male
lashanda,female
lambert,male
lashonda,female
lara,female
lauren,male
latosha,female
latasha,female
latricia,female
lavada,female
laurie,male
lavenia,female
launa,female
lavelle,female
madora,female
mable,female
macel,female
magen,female
magan,female
maddox,male
madden,male
mafalda,female
maddison,female
madison,male
malik,male
madeline,female
madelynn,female
makaila,female
madalyn,female
magdalena,female
maci,female
madge,female
madelyn,female
mahala,female
maebelle,female
maegan,female
madisen,female
major,male
mandi,female
malakai,male
madilyn,female
makai,male
macarthur,male
makenzie,female
magdalene,female
manda,female
malachi,male
makenna,female
madie,female
mallie,female
maia,female
malinda,female
makala,female
macy,female
mabel,male
malvina,female
madeleine,female
maeve,female
mahalia,female
maceo,male
magdalen,female
madalynn,female
malissa,female
mac,male
maida,female
maleah,female
mamie,male
madelene,female
makena,female
macie,female
mabelle,female
madonna,female
madaline,female
madisyn,female
mahlon,male
makayla,female
madilynn,female
malesie,male
mame,female
macey,female
maggie,male
magnolia,female
mace,male
malorie,female
malvin,male
malaki,male
machelle,female
mai,female
mabell,female
makhi,male
madlyn,female
madyson,female
malcom,male
maled,male
mack,male
manerva,female
malcolm,male
mandy,female
maebell,female
malaya,female
mal,male
male,male
maiya,female
mae,male
mallorie,female
mackenzie,male
malece,male
mallory,female
mahalie,female
malissie,female
maira,female
mandie,female
malia,female
maliyah,female
nallely,female
nakisha,female
nannette,female
nanie,female
nadine,female
nataly,female
naima,female
nadia,female
napoleon,male
naoma,female
nada,female
nash,male
narcissus,female
natalee,female
natosha,female
newman,male
nayeli,female
najee,male
nanna,female
nayely,female
nelson,male
nedra,female
nick,male
neil,male
nan,female
newell,male
neely,male
nathen,male
neha,female
nickolas,male
nico,male
nanette,female
nathaly,female
naomi,female
nathan,male
nelly,female
nancie,female
nelia,female
nathalia,female
nery,male
netta,female
newt,male
namon,male
nannie,female
nealie,female
nehemiah,male
neta,female
nicolette,female
nia,female
nichelle,female
nana,female
nathaniel,male
nakita,female
ned,male
nakia,male
natalie,female
natalia,female
nicholas,male
nelda,female
nasir,male
nestor,male
neal,male
nathanial,male
nevada,female
nevaeh,female
newton,male
nicky,male
nels,male
nicole,male
nettie,female
nanci,female
nat,male
nicklaus,male
natalya,female
nicholaus,male
nelle,female
neoma,female
nancy,male
nathalie,female
natasha,female
needham,male
nello,male
nichole,female
nelie,female
neveah,female
nella,female
nellie,male
nautica,female
nathanael,male
neola,female
neppie,female
nena,female
nicki,female
nealy,female
nereida,female
neva,female
nell,female
nicola,female
nevin,male
nichol,female
olena,female
odette,female
odile,female
odie,male
olga,female
oneal,male
oliva,female
orin,male
oddie,male
olympia,female
olevia,female
oakley,male
oleta,female
onnie,female
orlin,male
obed,male
octa,female
ole,male
orilla,female
orene,female
oneida,female
oliver,male
octavius,male
odalys,female
oda,male
obie,male
ora,male
octave,male
omer,male
orris,male
olive,male
omari,male
ollie,male
onie,female
orson,male
ocie,male
ola,male
oneta,female
olan,male
odus,male
oralia,female
oline,female
okey,male
odin,male
orange,male
orion,male
olin,male
odell,male
orie,male
octavie,female
oley,male
orma,female
odis,male
orpha,female
oran,male
odalis,female
omar,male
octavia,female
omie,female
olinda,female
oney,female
odelia,female
oland,male
ogden,male
olene,female
oris,male
orah,female
orren,male
oral,male
orlena,female
olivia,female
olaf,male
oma,female
offie,male
opal,male
orval,male
orvel,male
ona,female
obe,male
opha,female
ofelia,female
orra,female
olie,male
olar,female
omarion,male
orley,male
orvil,male
orelia,female
ophelia,female
orlo,male
octavio,male
odessa,female
orla,male
olivine,female
oren,male
olen,male
orrin,male
orlando,male
olof,male
orrie,male
pamelia,female
pandora,female
pam,female
pallie,female
pinkie,female
pearly,female
pablo,male
palmer,male
paralee,female
park,male
paityn,female
pershing,male
paul,male
paola,female
pearle,female
palma,female
pascal,male
pauletta,female
pepper,female
parrish,male
parlee,female
pamala,female
peggie,female
perri,female
pauline,male
patric,male
penni,female
peggy,female
patrice,female
pamela,male
paloma,female
petra,female
pat,male
patrick,male
payten,female
paisley,female
pamella,female
pansy,female
parthenia,female
paige,female
pearley,male
pennie,female
pearlene,female
pierce,male
penny,female
pearla,female
phylis,female
phoenix,male
pearl,male
parley,male
page,male
perry,male
perla,female
percy,male
pattie,female
perley,male
patty,female
philo,male
paula,female
permelia,female
paris,male
phil,male
patrica,female
parker,male
phebe,female
phoebe,female
percival,male
phyliss,female
pairlee,female
patsy,male
payton,male
patricia,male
peter,male
peyton,male
pate,male
pasquale,male
philip,male
paulo,male
philomene,female
piper,female
paxton,male
pink,male
pete,male
patti,female
phyllis,female
pierre,male
paulina,female
pheobe,female
pearlie,male
philomena,female
phillip,male
phylicia,female
paulette,female
pearline,female
pinkey,female
pernell,male
penelope,female
patience,female
pinkney,male
phillis,female
queenie,female
quiana,female
quentin,male
quinten,male
quint,male
quinn,male
qiana,female
queen,female
quintin,male
quincy,male
quinton,male
randell,male
rafe,male
rakeem,male
raekwon,male
rahn,male
randy,male
rahsaan,male
rahul,male
renae,female
raymond,male
randal,male
randall,male
rand,male
reba,female
rayburn,male
ragna,female
raphael,male
ramon,male
raiden,male
raquan,male
raegan,female
raina,female
rayfield,male
reilly,male
racquel,female
rance,male
raquel,female
reason,male
rachael,female
redden,male
ransom,male
ramona,female
ras,male
racheal,female
redmond,male
rachel,male
regena,female
rashawn,male
randel,male
reese,male
rashaan,male
raul,male
ralph,male
red,male
rashida,female
raleigh,male
reed,male
rayshawn,male
ramsey,male
rella,female
raymon,male
reinhold,male
renada,female
rayford,male
randolph,male
randolf,male
raheem,male
raynard,male
rena,female
rebecca,male
reatha,female
randi,female
reino,male
rafaela,female
reginald,male
raven,male
reggie,male
rafael,male
raoul,male
regenia,female
raelynn,female
rachelle,female
regina,female
rashad,male
remington,male
reinaldo,male
rebekah,female
rebeca,female
regan,male
randle,male
rene,male
ray,male
rashaad,male
rayna,female
reagan,male
reanna,female
renata,female
ramiro,male
reece,male
rae,male
rayan,male
rasheed,male
reina,female
raymundo,male
renard,male
renaldo,male
regis,male
rayne,female
refugio,male
reginal,male
sadye,female
salina,female
samir,male
sandy,male
sabastian,male
samara,female
sabra,female
sal,male
samuel,male
sammy,male
sarita,female
santiago,male
sabina,female
sanford,male
salvador,male
sampson,male
samson,male
sallie,female
sanaa,female
sandra,male
sarai,female
sandi,female
salvatore,male
sable,female
sarrah,female
sammie,male
samira,female
santa,female
samual,male
sanjuana,female
sanjuanita,female
samantha,male
santo,male
saverio,male
sada,female
sage,male
saul,male
saniya,female
sade,female
samatha,female
sam,male
samie,male
saniyah,female
sally,female
salomon,male
sabrina,female
sasha,female
sandie,female
santino,male
sarina,female
savilla,female
savon,male
selmer,male
seaborn,male
serena,female
salome,female
santina,female
schuyler,male
salma,female
sanders,male
saint,male
sariah,female
sanai,female
scott,male
saige,female
sadie,female
seldon,male
sarah,male
santos,male
salena,female
savana,female
selene,female
selina,female
savannah,female
sedrick,male
scot,male
savanna,female
seneca,male
sannie,female
scotty,male
santana,male
savanah,female
savion,male
scarlet,female
sara,female
sarahi,female
sebastian,male
sebrina,female
selena,female
scottie,male
schley,male
scarlett,female
saundra,female
selma,female
seamus,male
selah,female
senora,female
semaj,male
sean,male
sawyer,male
tab,male
tal,male
talmage,male
tammi,female
tabitha,female
takisha,female
tanner,male
tami,female
tai,female
tamica,female
tangela,female
tanesha,female
tamela,female
taja,female
tamisha,female
tarsha,female
talmadge,male
tenika,female
tayler,male
tasia,female
tatyanna,female
tatsuo,male
tavion,male
taniya,female
tate,male
taylor,male
taurean,male
tashina,female
tamia,female
tamya,female
telly,male
talia,female
tammy,male
taurus,male
tawanna,female
tatianna,female
teena,female
tea,female
taya,female
tamala,female
tanika,female
talen,male
tabetha,female
tamra,female
tamera,female
talon,male
tammie,female
tania,female
tara,female
tayshaun,male
tasha,female
tatia,female
tawnya,female
tari,female
tatum,female
teagan,male
taryn,female
tena,female
taniyah,female
tahj,male
tamekia,female
tambra,female
tad,male
tamika,female
tameka,female
tabatha,female
taina,female
tallie,male
tatiana,female
tandy,male
teddy,male
tanja,female
tavian,male
teddie,male
tayla,female
tawny,female
tawanda,female
tavares,male
taliyah,female
taj,male
taft,male
tana,female
tamiko,female
tamatha,female
tamara,female
tanisha,female
talan,male
tamie,female
tanya,female
tariq,male
tarik,male
tarah,female
tavon,male
tella,female
tatyana,female
tavaris,male
tawana,female
tegan,male
ted,male
teela,female
ula,female
urijah,male
unique,female
urban,male
una,female
uriel,male
ura,female
uriah,male
ulysses,male
ursula,female
ulises,male
vaughn,male
vashon,male
valentine,male
velda,female
verda,female
vernal,male
valerie,female
venessa,female
veronica,female
verner,male
vera,male
vashti,female
verl,male
val,male
vance,male
vester,male
velva,female
vada,female
venice,female
vassie,female
vernita,female
valery,female
vernie,male
verlyn,male
verna,male
vidal,male
veva,female
vesta,female
verona,female
verne,male
verena,female
vicky,female
valorie,female
valinda,female
valentino,male
verla,female
vicente,male
vennie,female
verlie,female
vernon,male
verlene,female
vickey,female
vara,female
versie,female
versa,female
vernell,male
verlin,male
victoria,female
van,male
velvet,female
vela,female
verdie,female
valencia,female
veda,female
valarie,female
vessie,female
vergie,female
verdell,female
vannie,female
vergil,male
vere,male
vertie,female
vikki,female
vicy,female
verle,male
vicie,female
vallie,female
victory,female
valentin,male
valeria,female
vella,female
vicki,female
vernice,female
valentina,female
vern,male
vena,female
vanesa,female
vick,male
vernia,female
venie,female
veta,female
verlon,male
venita,female
vanessa,female
vickie,female
vina,female
victor,male
venus,female
vander,male
veola,female
vilma,female
velia,female
victoriano,male
vernelle,female
villa,female
vernetta,female
victorine,female
vince,male
velma,female
vida,female
walton,male
waino,male
wava,female
washington,male
waymon,male
wilhelmina,female
wilhelmine,female
whitney,male
wenzel,male
waneta,female
wilbur,male
walker,male
werner,male
wardell,male
weldon,male
wanita,female
waldo,male
ward,male
welton,male
wade,male
weaver,male
watson,male
wilkie,male
webb,male
wayman,male
wanda,female
wells,male
wilford,male
wesley,male
wilton,male
wilburn,male
webster,male
watt,male
wayland,male
wallace,male
willaim,male
wally,male
waldemar,male
willa,female
west,male
wiley,male
williams,male
willard,male
winston,male
wayne,male
waverly,male
wayde,male
warren,male
wellington,male
wash,male
wende,female
wilda,female
waylon,male
warner,male
wilbert,male
williemae,female
weston,male
wilfredo,male
wilfrid,male
will,male
whit,male
winifred,male
winfield,male
windy,female
wing,male
walter,male
wendel,male
wendell,male
wes,male
walt,male
wheeler,male
wendi,female
wilfred,male
willie,male
winfred,male
willow,female
westley,male
willodean,female
willam,male
wilson,male
wilmer,male
winford,male
wilber,male
willian,male
williard,male
willis,male
winona,female
winter,female
wiliam,male
wilma,female
wendy,female
willene,female
wess,male
whitley,female
wilhelm,male
willy,male
winnie,male
willia,female
winnifred,female
windell,male
xander,male
xiomara,female
xzavier,male
xena,female
xavier,male
ximena,female
yaakov,male
yadiel,male
yandel,male
yahaira,female
york,male
yamilet,female
yamilex,female
yareli,female
yaritza,female
yael,male
yolanda,female
yancy,male
yoel,male
yahir,male
yasmine,female
yasmin,female
yessenia,female
yetta,female
yuridia,female
yasmeen,female
yesenia,female
yurem,male
yaretzi,female
yehuda,male
yadira,female
yazmin,female
yair,male
yuliana,female
yoshio,male
yolonda,female
yee,male
yvonne,female
young,male
yosef,male
yajaira,female
yoselin,female
yulissa,female
yoshiko,female
yvette,female
yulisa,female
yusuf,male
zakary,male
zella,female
zariah,female
zack,male
zaria,female
zaiden,male
zayden,male
zadie,female
zachariah,male
zona,female
zed,male
zachery,male
zola,female
zaniyah,female
zada,female
zettie,female
zeke,male
zandra,female
zoey,female
zackery,male
zaida,female
zara,female
zain,male
zechariah,male
zenas,male
zayne,male
zelda,female
zebulon,male
zana,female
zenobia,female
zoa,female
zita,female
zachary,male
zelpha,female
zavier,male
zackary,male
zula,female
zillah,female
zander,male
zelia,female
zaid,male
zhane,female
zane,male
zeno,male
zaire,male
zena,female
zeb,male
zeta,female
zetta,female
zilpah,female
zoe,female
zela,female
zilpha,female
zoie,female
zora,female
zigmund,male
zelma,female
zion,male
zollie,male
zina,female
